{"rounds": [1, 2, 3, 4, 5], "accuracy": [29.5, 32.56, 35.02, 36.28, 37.54], "loss": [2.2132001717885332, 2.064419222642214, 1.9618857513635586, 1.8870907668883983, 1.8263943060850485], "sigma": [0.98, 0.9604, 0.941192, 0.9223681600000001, 0.9039207968], "budget_spent": [0.30165177886126765, 0.6209573348114951, 0.9601180421989155, 1.3217014693350662, 1.7086850401760825], "gas_used": [277073, 242873, 242873, 242873, 242873]}